[{"title":"Uptown Funk","url":"https://www.youtube.com/watch?v=OPf0YbXqDm0","singers":["Mark Ronson","Bruno Mars"]},{"title":"Shape of You","url":"https://www.youtube.com/watch?v=_dK2tDK9grQ","singers":["Ed Sheeran"]},{"title":"Rolling in the Deep","url":"https://www.youtube.com/watch?v=rYEDA3JcQqw","singers":["Adele"]},{"title":"STAY","url":"https://www.youtube.com/watch?v=yWHrYNP6j4k","singers":["The Kid LAROI","Justin Bieber"]},{"title":"Perfect","url":"https://www.youtube.com/watch?v=kPhpHvnnn0Q","singers":["Ed Sheeran"]},{"title":"Dusk Till Dawn","url":"https://www.youtube.com/watch?v=zuM5JxJTph0","singers":["ZAYN","Sia"]},{"title":"Shallow","url":"https://www.youtube.com/watch?v=bo_efYhYU2A","singers":["Lady Gaga","Bradley Cooper"]},{"title":"Forget Me Not","url":"https://www.youtube.com/watch?v=rTCwL0Wsvyw","singers":["Andra"]},{"title":"Cold Heart","url":"https://youtu.be/lWzTms5Z3PI","singers":["Elton John","Dua Lipa"]},{"title":"Sugar","url":"https://www.youtube.com/watch?v=N1BcpzPGlYQ","singers":["Maroon 5"]},{"title":"Girls Like You","url":"https://www.youtube.com/watch?v=aJOTlE1K90k","singers":["Maroon 5","Cardi B"]},{"title":"Let Her Go","url":"https://www.youtube.com/watch?v=RBumgq5yVrA","singers":["Passenger"]},{"title":"Bad Habits","url":"https://www.youtube.com/watch?v=HeOpRzcqKrE","singers":["Ed Sheeran"]},{"title":"Sweet Dreams","url":"https://www.youtube.com/watch?v=-Q7wCx7T7Yc","singers":["Andra & Mara"]},{"title":"All of Me","url":"https://www.youtube.com/watch?v=450p7goxZqg","singers":["John Legend"]},{"title":"The Lazy Song","url":"https://www.youtube.com/watch?v=GYW87vbSxjg","singers":["Bruno Mars"]},{"title":"New Rules","url":"https://www.youtube.com/watch?v=KAVc-g5K1b0","singers":["Dua Lipa"]},{"title":"Easy On Me","url":"https://www.youtube.com/watch?v=X-yIEMduRXk","singers":["Adele"]},{"title":"Love Can Save It All","url":"https://www.youtube.com/watch?v=DBcVPsTmG5I","singers":["Andra"]},{"title":"Dark Horse","url":"https://www.youtube.com/watch?v=0KSOMA3QBU0","singers":["Katy Perry","Juicy J"]},{"title":"Lean On","url":"https://www.youtube.com/watch?v=YqeW9_5kURI","singers":["Major Lazer","DJ Snake"]},{"title":"7 rings","url":"https://www.youtube.com/watch?v=QYh6mYIJG2Y","singers":["Ariana Grande"]},{"title":"Shivers","url":"https://www.youtube.com/watch?v=z2_Lrg6rRks","singers":["Ed Sheeran"]},{"title":"Lie To Me","url":"https://www.youtube.com/watch?v=f6tU6BfnWEI","singers":["Andra"]},{"title":"Roar","url":"https://www.youtube.com/watch?v=mwL1cohnHNE","singers":["Katy Perry"]},{"title":"Hello","url":"https://www.youtube.com/watch?v=be12BC5pQLE","singers":["Adele"]},{"title":"We Don't Talk Anymore","url":"https://www.youtube.com/watch?v=3AtDnEC4zak","singers":["Charlie Puth"]},{"title":"My Universe","url":"https://www.youtube.com/watch?v=bZYPI4mYwhw","singers":["Coldplay","BTS"]},{"title":"Bad Romance","url":"https://www.youtube.com/watch?v=9WNYIA1N4NU","singers":["Lady Gaga"]},{"title":"Locked Out Of Heaven","url":"https://www.youtube.com/watch?v=e-fA-gBCkj0","singers":["Bruno Mars"]},{"title":"Don't Dream It's Over","url":"https://www.youtube.com/watch?v=XjBwAYIxUso","singers":["Crowded House"]},{"title":"THATS WHAT I WANT","url":"https://youtu.be/LzI3I3G-_Xg","singers":["Lil Nas X"]},{"title":"Sign of the Times","url":"https://youtu.be/z0GKGpObgPY","singers":["Harry Styles"]},{"title":"Rude","url":"https://www.youtube.com/watch?v=PIh2xe4jnpk","singers":["MAGIC!"]},{"title":"Rockabye","url":"https://www.youtube.com/watch?v=2VDdP7lYiiI","singers":["Clean Bandit"]},{"title":"Leave Before You Love Me","url":"https://www.youtube.com/watch?v=5ogUKZXBMUQ","singers":["Marshmello","Jonas Brothers"]},{"title":"Happier","url":"https://www.youtube.com/watch?v=RE87rQkXdNw","singers":["Marshmello","Bastille"]},{"title":"Mirrors","url":"https://www.youtube.com/watch?v=ZFlpVBFSEis","singers":["Justin Timberlake"]},{"title":"Say You Won't Let Go","url":"https://www.youtube.com/watch?v=0yW7w8F2TVA","singers":["James Arthur"]},{"title":"Here's Your Perfect","url":"https://www.youtube.com/watch?v=77AByXC_02s","singers":["Jamie Miller"]},{"title":"Halo","url":"https://www.youtube.com/watch?v=sbLphDxVfG4","singers":["Beyonce"]},{"title":"Hips Don't Lie","url":"https://www.youtube.com/watch?v=DUT5rEU6pqM","singers":["Shakira","Wyclef Jean"]},{"title":"2002","url":"https://www.youtube.com/watch?v=Il-an3K9pjg","singers":["Anne-Marie","Anne Marie"]},{"title":"Don't Go Yet","url":"https://www.youtube.com/watch?v=0Kx3sobEBFE","singers":["Camila Cabello"]},{"title":"Let Me Love You","url":"https://www.youtube.com/watch?v=SMs0GnYze34","singers":["DJ Snake","Justin Bieber"]},{"title":"Stolen Dance","url":"https://www.youtube.com/watch?v=dAuAyA9dBBU","singers":["Milky Chance"]},{"title":"Señorita","url":"https://www.youtube.com/watch?v=dFp_b5DPIIo","singers":["Shawn Mendes","Camila Cabello"]},{"title":"Minefields","url":"https://www.youtube.com/watch?v=Fuh4Rh5STMI","singers":["Faouzia","John Legend"]},{"title":"7 Years","url":"https://www.youtube.com/watch?v=kqFLQG484pg","singers":["Lukas Graham"]},{"title":"Poker Face","url":"https://www.youtube.com/watch?v=BvJSig2WhnY","singers":["Lady Gaga"]},{"title":"Someone You Loved","url":"https://www.youtube.com/watch?v=FGGo8LFmbjs","singers":["Lewis Capaldi"]},{"title":"happier","url":"https://www.youtube.com/watch?v=ZQFmRXgeR-s","singers":["Olivia Rodrigo"]},{"title":"A Thousand Years","url":"https://www.youtube.com/watch?v=NZGHXy1IAHM","singers":["Christina Perri"]},{"title":"Attention","url":"https://www.youtube.com/watch?v=Oz5JDtkf1as","singers":["Charlie Puth"]},{"title":"There's Nothing Holdin' Me Back","url":"https://www.youtube.com/watch?v=vmXVPbqqzwA","singers":["Shawn Mendes"]},{"title":"Build a Bitch","url":"https://www.youtube.com/watch?v=lob_4uPTxDo","singers":["Bella Poarch"]},{"title":"Work from Home","url":"https://www.youtube.com/watch?v=GJf28veNWHE","singers":["Fifth Harmony","Ty Dolla $ign","Ty Dolla sign"]},{"title":"Send My Love","url":"https://www.youtube.com/watch?v=pv7VAQ4kj14","singers":["Adele"]},{"title":"Let Me Down Slowly","url":"https://www.youtube.com/watch?v=jLNrvmXboj8","singers":["Alec Benjamin"]},{"title":"My Head & My Heart","url":"https://www.youtube.com/watch?v=w8mBplMtwJ8","singers":["Ava Max"]},{"title":"You Are The Reason","url":"https://www.youtube.com/watch?v=A095tznXFWM","singers":["Calum Scott"]},{"title":"Sorry","url":"https://www.youtube.com/watch?v=fRh_vgS2dFE","singers":["Justin Bieber"]},{"title":"Worth It","url":"https://www.youtube.com/watch?v=YBHQbu5rbdQ","singers":["Fifth Harmony","Kid Ink"]},{"title":"Life Goes On","url":"https://www.youtube.com/watch?v=LnavzVJctAw","singers":["Oliver Tree"]},{"title":"Me Too","url":"https://www.youtube.com/watch?v=qDRORgoZxZU","singers":["Meghan Trainor"]},{"title":"Side To Side","url":"https://www.youtube.com/watch?v=SXiSVQZLje8","singers":["Ariana Grande","Nicki Minaj"]},{"title":"When I Was Your Man","url":"https://www.youtube.com/watch?v=eZrDuMcGRqU","singers":["Bruno Mars"]},{"title":"Memories","url":"https://www.youtube.com/watch?v=SlPhMPnQ58k","singers":["Maroon 5"]},{"title":"On The Floor","url":"https://www.youtube.com/watch?v=9lybsz-7TFM","singers":["Jennifer Lopez","Pitbull"]},{"title":"Sweet but Psycho","url":"https://www.youtube.com/watch?v=zd-h01o7LtI","singers":["Ava Max"]},{"title":"Sweet Dreams","url":"https://www.youtube.com/watch?v=qeMFqkcPYcg","singers":["Eurythmics","Annie Lennox","Dave Stewart"]},{"title":"Intentions","url":"https://www.youtube.com/watch?v=yrYxt1FZYgA","singers":["Justin Bieber","Quavo"]},{"title":"Just The Way You Are","url":"https://www.youtube.com/watch?v=u7XjPmN-tHw","singers":["Bruno Mars"]},{"title":"Symphony","url":"https://www.youtube.com/watch?v=PIf9GvWaxQQ","singers":["Clean Bandit","Zara Larsson"]},{"title":"Treat You Better","url":"https://www.youtube.com/watch?v=MDVQFzHYK-E","singers":["Shawn Mendes"]},{"title":"24K Magic","url":"https://www.youtube.com/watch?v=UqyT8IEBkvY","singers":["Bruno Mars"]},{"title":"Chandelier","url":"https://www.youtube.com/watch?v=9bKkogQlWPw","singers":["Sia"]},{"title":"Baby One More Time","url":"https://www.youtube.com/watch?v=4NJH75q0Syk","singers":["Britney Spears"]},{"title":"Where Is The Love?","url":"https://www.youtube.com/watch?v=XSiP0epO0oU","singers":["Black Eyed Peas"]},{"title":"Night Changes","url":"https://www.youtube.com/watch?v=UM3389FUnKo","singers":["One Direction"]},{"title":"Photograph","url":"https://www.youtube.com/watch?v=HpphFd_mzXE","singers":["Ed Sheeran"]},{"title":"Give Me Everything","url":"https://www.youtube.com/watch?v=EPo5wWmKEaI","singers":["Pitbull","Ne-Yo","Afrojack","Nayer"]},{"title":"Take On Me","url":"https://www.youtube.com/watch?v=djV11Xbc914","singers":["a-ha","a ha"]},{"title":"As Long As You Love Me","url":"https://www.youtube.com/watch?v=fdrfVrSM864","singers":["Backstreet Boys"]},{"title":"Kings & Queens","url":"https://www.youtube.com/watch?v=jH1RNk8954Q","singers":["Ava Max"]},{"title":"Falling","url":"https://www.youtube.com/watch?v=L7mfjvdnPno","singers":["Trevor Daniel"]},{"title":"Break My Heart","url":"https://www.youtube.com/watch?v=Y6feSJsCxIw","singers":["Dua Lipa"]},{"title":"Happy","url":"https://www.youtube.com/watch?v=E5F0i1Ay3nE","singers":["Pharrell Williams"]},{"title":"Cheap Thrills","url":"https://www.youtube.com/watch?v=hJLc-l8FSb0","singers":["Sia","Sean Paul"]},{"title":"Thinking Out Loud","url":"https://www.youtube.com/watch?v=WpyfrixXBqU","singers":["Ed Sheeran"]},{"title":"Stitches","url":"https://www.youtube.com/watch?v=UYCg6NBiXMI","singers":["Shawn Mendes"]},{"title":"FRIENDS","url":"https://www.youtube.com/watch?v=CY8E6N5Nzec","singers":["Marshmello","Anne-Marie"]},{"title":"Blank Space","url":"https://www.youtube.com/watch?v=2mIBS3fHp6A","singers":["Taylor Swift"]},{"title":"Just Give Me A Reason","url":"https://www.youtube.com/watch?v=OpQFFLBMEPI","singers":["P!nk","Nate Ruess","pink"]},{"title":"Someone Like You","url":"https://www.youtube.com/watch?v=hLQl3WQQoQ0","singers":["Adele"]},{"title":"I Gotta Feeling","url":"https://www.youtube.com/watch?v=CwdrtwZiQ9E","singers":["Black Eyed Peas"]},{"title":"Apologize","url":"https://www.youtube.com/watch?v=F0Af9MZzrLc","singers":["Timbaland","OneRepublic","One Republic"]},{"title":"Without Me","url":"https://www.youtube.com/watch?v=9Xzk9PCaCmg","singers":["Halsey"]},{"title":"Titanium","url":"https://www.youtube.com/watch?v=JRfuAukYTKg","singers":["David Guetta","Sia"]},{"title":"thank u, next","url":"https://www.youtube.com/watch?v=EEhZAHZQyf4","singers":["Ariana Grande"]},{"title":"High Hopes","url":"https://www.youtube.com/watch?v=IPXIgEAGe4U","singers":["Panic! At The Disco"]},{"title":"All About That Bass","url":"https://www.youtube.com/watch?v=7PCkvCPvDXk","singers":["Meghan Trainor"]},{"title":"Bang Bang","url":"https://www.youtube.com/watch?v=YswhUHH6Ufc","singers":["Jessie J","Ariana Grande","Nicki Minaj"]},{"title":"I Wanna Dance With Somebody","url":"https://www.youtube.com/watch?v=ynkaGd_zGwE","singers":["Whitney Houston"]},{"title":"Take My Breath Away","url":"https://www.youtube.com/watch?v=JzMMkQJs9qE","singers":["Berlin"]},{"title":"Havana","url":"https://www.youtube.com/watch?v=pz95u3UVpaM","singers":["Camila Cabello","Young Thug"]},{"title":"I'm Not The Only One","url":"https://www.youtube.com/watch?v=J_BId2d5zB4","singers":["Sam Smith"]},{"title":"Don't Start Now","url":"https://www.youtube.com/watch?v=oygrmJFKYZY","singers":["Dua Lipa"]},{"title":"Say It Right","url":"https://www.youtube.com/watch?v=qSOLw_Qj5CU","singers":["Nelly Furtado"]},{"title":"i hate u, i love u","url":"https://www.youtube.com/watch?v=BiQIc7fG9pA","singers":["gnash","olivia o'brien"]},{"title":"Love Me Again","url":"https://www.youtube.com/watch?v=JWzag7a9afU","singers":["John Newman"]},{"title":"Call Me Maybe","url":"https://www.youtube.com/watch?v=fWNaR-rxAic","singers":["Carly Rae Jepsen"]},{"title":"neverland","url":"https://www.youtube.com/watch?v=xz5Ykxn09NY","singers":["zendaya"]},{"title":"bad guy","url":"https://www.youtube.com/watch?v=4-TbQnONe_w","singers":["Billie Eilish"]},{"title":"comethru","url":"https://www.youtube.com/watch?v=jO2viLEW-1A","singers":["Jeremy Zucker"]},{"title":"The One That Got Away","url":"https://www.youtube.com/watch?v=RxoeMq7_d1A","singers":["Katy Perry"]},{"title":"You Belong With Me","url":"https://www.youtube.com/watch?v=Xgf9XDT846M","singers":["Taylor Swift"]},{"title":"Everybody","url":"https://www.youtube.com/watch?v=lIxFiNCtHVc","singers":["Backstreet Boys"]},{"title":"no tears left to cry","url":"https://www.youtube.com/watch?v=nNcDkT_AoHQ","singers":["Ariana Grande"]},{"title":"Meant to Be","url":"https://www.youtube.com/watch?v=aZ8bJrZ4NmI","singers":["Bebe Rexha"]},{"title":"Shake It Off","url":"https://www.youtube.com/watch?v=nfWlot6h_JM","singers":["Taylor Swift"]},{"title":"Locked Away","url":"https://www.youtube.com/watch?v=ZidNasWBGMg","singers":["R. City","Adam Levine"]},{"title":"Can't Get You Out Of My Head","url":"https://www.youtube.com/watch?v=YPwtJ89jes4","singers":["Kylie Minogue"]},{"title":"Maria Maria","url":"https://www.youtube.com/watch?v=zJKotJuaR28","singers":["Santana","The Product G&B"]},{"title":"Heart Of Glass","url":"https://www.youtube.com/watch?v=T-0xCANCL4Y","singers":["Blondie"]},{"title":"What Is Love","url":"https://www.youtube.com/watch?v=G8RY_XOqJf4","singers":["Haddaway"]},{"title":"Whenever Wherever","url":"https://www.youtube.com/watch?v=jTAuZ2veWmk","singers":["Shakira"]},{"title":"Eenie Meenie","url":"https://www.youtube.com/watch?v=M1_g19ojPbc","singers":["Sean Kingston","Justin Bieber"]},{"title":"Complicated","url":"https://www.youtube.com/watch?v=5eGbnVlRcRg","singers":["Avril Lavigne"]},{"title":"Believe","url":"https://www.youtube.com/watch?v=isOzTi8rUwM","singers":["Cher"]},{"title":"Promiscuous","url":"https://www.youtube.com/watch?v=eBo7BqQCFPI","singers":["Nelly Furtado","Timbaland"]},{"title":"DANCE MONKEY","url":"https://www.youtube.com/watch?v=pSKmMzmCMyg","singers":["TONES AND I"]},{"title":"Stereo Hearts","url":"https://www.youtube.com/watch?v=_U0PrwLpb_Q","singers":["Adam Levine","gym class heroes"]},{"title":"Hot N Cold","url":"https://www.youtube.com/watch?v=CGQC1E6_E58","singers":["Katy Perry"]},{"title":"Say My Name","url":"https://www.youtube.com/watch?v=6aF0EJ6VuIk","singers":["David Guetta","Bebe Rexha","J Balvin"]},{"title":"Into You","url":"https://www.youtube.com/watch?v=WHHkVUaOxe4","singers":["Ariana Grande"]},{"title":"you broke me first","url":"https://www.youtube.com/watch?v=QXzC2eiHBG8","singers":["Tate McRae"]},{"title":"Impossible","url":"https://www.youtube.com/watch?v=vGNQilhqbzs","singers":["James Arthur"]},{"title":"Too Good At Goodbyes","url":"https://www.youtube.com/watch?v=v3qOmgTfscg","singers":["Sam Smith"]},{"title":"Last Friday Night","url":"https://www.youtube.com/watch?v=BrCQa_gkQUI","singers":["Katy Perry"]},{"title":"Grenade","url":"https://www.youtube.com/watch?v=UFQGgJmjQYk","singers":["Bruno Mars"]},{"title":"Adore You","url":"https://www.youtube.com/watch?v=xzNliaWxdjM","singers":["Harry Styles"]},{"title":"Never Say Never","url":"https://www.youtube.com/watch?v=NbgMK-HRgcI","singers":["Justin Bieber","Jaden Smith"]},{"title":"Blinding Lights","url":"https://www.youtube.com/watch?v=XwxLwG2_Sxk","singers":["The Weeknd"]},{"title":"Wildest Dreams","url":"https://www.youtube.com/watch?v=nkmNsAyqi1I","singers":["Taylor Swift"]},{"title":"Making Love Out Of Nothing At All","url":"https://www.youtube.com/watch?v=_TplMuwy5Q0","singers":["Air Supply"]},{"title":"Harleys In Hawaii","url":"https://www.youtube.com/watch?v=OD5DVpV_wWg","singers":["Katy Perry"]},{"title":"Love Me Like You Do","url":"https://www.youtube.com/watch?v=MGdH0Lm7f0I","singers":["Ellie Goulding"]},{"title":"Bad Liar","url":"https://www.youtube.com/watch?v=bWuHp0YXjKk","singers":["Imagine Dragons"]},{"title":"Loser Lover","url":"https://www.youtube.com/watch?v=6iSAyOO6oZg","singers":["Tomorrow X Together"]},{"title":"We Belong Together","url":"https://www.youtube.com/watch?v=mJ09L3sOOUY","singers":["Mariah Carey"]},{"title":"Can't Remember to Forget You","url":"https://www.youtube.com/watch?v=i_XM3u1_jZQ","singers":["Shakira","Rihanna"]},{"title":"Don't Wanna Know","url":"https://www.youtube.com/watch?v=GrR7s9tVafE","singers":["Maroon 5","Kendrick Lamar"]},{"title":"I Have Nothing","url":"https://www.youtube.com/watch?v=qR3ZA2Qdx84","singers":["Whitney Houston"]},{"title":"Always Remember Us This Way","url":"https://www.youtube.com/watch?v=iRU1cTKPf5g","singers":["Lady Gaga"]},{"title":"No Lie","url":"https://www.youtube.com/watch?v=Lkakw1MnE9A","singers":["Sean Paul","Dua Lipa"]},{"title":"Make You Mine","url":"https://www.youtube.com/watch?v=AVP4JJR7t8w","singers":["PUBLIC"]},{"title":"How Deep Is Your Love","url":"https://www.youtube.com/watch?v=ukgluvJpL4U","singers":["Bee Gees"]},{"title":"Look What You Made Me Do","url":"https://www.youtube.com/watch?v=_k7hmkf2dvQ","singers":["Taylor Swift"]},{"title":"Big Girls Don't Cry","url":"https://www.youtube.com/watch?v=J_4bLrPnFU0","singers":["Fergie"]},{"title":"Let's Groove","url":"https://www.youtube.com/watch?v=Sg-h4jpXsPI","singers":["Earth","Wind & Fire"]},{"title":"Oops! I Did It Again","url":"https://www.youtube.com/watch?v=ykU5UIG2fmo","singers":["Britney Spears"]},{"title":"Rewrite The Stars","url":"https://www.youtube.com/watch?v=RI-HOQ27QEM","singers":["Zac Efron","Zendaya"]},{"title":"break up with your girlfriend, i'm bored","url":"https://www.youtube.com/watch?v=wVNc0er9G5E","singers":["Ariana Grande"]},{"title":"Buttons","url":"https://www.youtube.com/watch?v=hj8D_8LQFZI","singers":["The Pussycat Dolls","Snoop Dogg"]},{"title":"Can't Help Falling In Love","url":"https://www.youtube.com/watch?v=MqazV4hbu8E","singers":["Elvis Presley"]},{"title":"Feel","url":"https://www.youtube.com/watch?v=p9M0VWyfDx0","singers":["Robbie Williams"]},{"title":"California Gurls","url":"https://www.youtube.com/watch?v=9AIziHHk-6U","singers":["Katy Perry","Snoop Dogg"]},{"title":"Crazy In Love","url":"https://www.youtube.com/watch?v=5bnxJnYiMwk","singers":["Beyonce","JAY Z"]},{"title":"Lady","url":"https://www.youtube.com/watch?v=nNWk7N-bbQ0","singers":["Modjo"]},{"title":"Somewhere Only We Know","url":"https://www.youtube.com/watch?v=RsM5o4IxP98","singers":["Lily Allen"]},{"title":"Love Yourself","url":"https://www.youtube.com/watch?v=TMSIR210mRg","singers":["Justin Bieber"]},{"title":"What is Love?","url":"https://www.youtube.com/watch?v=dSpSizT18JQ","singers":["TWICE"]},{"title":"Like I'm Gonna Lose You","url":"https://www.youtube.com/watch?v=qy0B3DnY31w","singers":["Meghan Trainor","John Legend"]},{"title":"Todo Mundo Menos Você","url":"https://www.youtube.com/watch?v=UDVr3ab3NVM","singers":["Marília Mendonça","Maiara e Maraisa"]},{"title":"Remember the Time","url":"https://www.youtube.com/watch?v=2sVIaTqmCaA","singers":["Michael Jackson"]},{"title":"Lady Marmalade","url":"https://www.youtube.com/watch?v=01hwSSveK6A","singers":["Christina Aguilera","Lil Kim","Mya","Pink"]},{"title":"Kiss and Say Goodbye","url":"https://www.youtube.com/watch?v=gzroy76Wm10","singers":["The Manhattans"]},{"title":"Style","url":"https://www.youtube.com/watch?v=ZqeYYioezKU","singers":["Taylor Swift"]},{"title":"Hung Up","url":"https://www.youtube.com/watch?v=Vf4K-AXT_D4","singers":["Madonna"]},{"title":"Bad Things","url":"https://www.youtube.com/watch?v=2D0NByUmCd0","singers":["Machine Gun Kelly","Camila Cabello"]},{"title":"Skyfall","url":"https://www.youtube.com/watch?v=8PxgNMQbZQc","singers":["Adele"]},{"title":"Rain Over Me","url":"https://www.youtube.com/watch?v=zFIbW6S_O2Y","singers":["Pitbull","Marc Anthony"]},{"title":"Super Bass","url":"https://www.youtube.com/watch?v=LWgS0yMM7z8","singers":["Nicki Minaj"]},{"title":"Barbie Girl","url":"https://www.youtube.com/watch?v=Y7FrLagBXng","singers":["Aqua"]},{"title":"Chiquitita","url":"https://www.youtube.com/watch?v=yA4sle_-Rek","singers":["Abba"]},{"title":"Me and My Broken Heart","url":"https://www.youtube.com/watch?v=p1RbaSOb1VY","singers":["Rixton"]},{"title":"Party In The USA","url":"https://www.youtube.com/watch?v=3b4k4fictnU","singers":["Miley Cyrus"]},{"title":"Be Alright","url":"https://www.youtube.com/watch?v=nbtyESXxGO4","singers":["Dean Lewis"]},{"title":"Dancing With A Stranger","url":"https://www.youtube.com/watch?v=Iexrhy-1kRI","singers":["Sam Smith","Normani"]},{"title":"What's My Name?","url":"https://www.youtube.com/watch?v=D-9EBTc0uk0","singers":["Rihanna","Drake"]},{"title":"Payphone","url":"https://www.youtube.com/watch?v=12gmxhEFeBo","singers":["Maroon 5","Wiz Khalifa"]},{"title":"Before You Go","url":"https://www.youtube.com/watch?v=c-KFmp9MMmQ","singers":["Lewis Capaldi"]},{"title":"Nothing Breaks Like a Heart","url":"https://www.youtube.com/watch?v=5aeGMclHQxw","singers":["Mark Ronson","Miley Cyrus"]},{"title":"We Found Love","url":"https://www.youtube.com/watch?v=QrJosGJj7w0","singers":["Rihanna","Calvin Harris"]},{"title":"Jenny","url":"https://www.youtube.com/watch?v=t6TxZn4zXB8","singers":["Studio Killers"]},{"title":"Story of My Life","url":"https://www.youtube.com/watch?v=eQmVAq4Sdww","singers":["One Direction"]},{"title":"Blurred Lines","url":"https://www.youtube.com/watch?v=S3DNMV21xiY","singers":["Robin Thicke","Pharrell Williams","T.I"]},{"title":"Heart Attack","url":"https://www.youtube.com/watch?v=Brb7zIxjYjs","singers":["Demi Lovato"]},{"title":"La la la","url":"https://www.youtube.com/watch?v=2WmBa1CviYE","singers":["Naughty Boy","Sam Smith"]},{"title":"HEYYEYAAEYAAAEYAEYAA","url":"https://www.youtube.com/watch?v=0HdBmpvFF2c","singers":["He-Man"]},{"title":"Happier Than Ever","url":"https://www.youtube.com/watch?v=UVQREpxmN_U&t=148s","singers":["Billie Eilish"]},{"title":"Demons","url":"https://www.youtube.com/watch?v=MA0aCUxItYA","singers":["Imagine Dragons"]},{"title":"Believer","url":"https://www.youtube.com/watch?v=W0DM5lcj6mw","singers":["Imagine Dragons"]},{"title":"Radioactive","url":"https://www.youtube.com/watch?v=vJao1u2uBqY","singers":["Imagine Dragons"]},{"title":"Counting Stars","url":"https://www.youtube.com/watch?v=mgT0N3tMP74","singers":["OneRepublic"]},{"title":"Secrets","url":"https://www.youtube.com/watch?v=BHsIHlyOMpc","singers":["OneRepublic"]},{"title":"Twin Flame","url":"https://www.youtube.com/watch?v=nomyhvZ83FQ","singers":["Machine Gun Kelly"]},{"title":"Bad Day","url":"https://www.youtube.com/watch?v=gH476CxJxfg","singers":["Daniel Powter"]},{"title":"Secret Love Song","url":"https://www.youtube.com/watch?v=rcCtiO515Rg","singers":["Little Mix","Jason Derulo"]},{"title":"Sweet Melody","url":"https://www.youtube.com/watch?v=-1wVJPUT3rE","singers":["Little Mix"]},{"title":"Salute","url":"https://www.youtube.com/watch?v=4h1VLwC63Nw","singers":["Little Mix"]},{"title":"Who Says","url":"https://www.youtube.com/watch?v=x8_61txDmsY","singers":["Selena Gomez"]},{"title":"Surtada","url":"https://www.youtube.com/watch?v=vhPhZbO7OXE","singers":["Dadá Boladão","Tati Zaqui"]},{"title":"Penhasco","url":"https://www.youtube.com/watch?v=vhPhZbO7OXE","singers":["Luísa Sonza"]},{"title":"Enquanto Me Beija","url":"https://www.youtube.com/watch?v=E5GAC-cxcHE","singers":["Jão"]},{"title":"Vou Morrer Sozinho","url":"https://www.youtube.com/watch?v=YGN-Z8Lhcb8","singers":["Jão"]},{"title":"Bohemian Rhapsody","url":"https://www.youtube.com/watch?v=axAtWjn3MfI","singers":["Queen"]},{"title":"Dont Stop Me Now","url":"https://www.youtube.com/watch?v=KKny_ia8Fvo","singers":["Queen"]},{"title":"I Want to Break Free","url":"https://www.youtube.com/watch?v=GBthBQ-cKJA","singers":["Queen"]},{"title":"See You Again","url":"https://www.youtube.com/watch?v=oMp8kvr4wec","singers":["Wiz Khalifa"]},{"title":"Habits","url":"https://www.youtube.com/watch?v=0PMKa3s2xp8","singers":["Tove Lo"]},{"title":"Psycho","url":"https://www.youtube.com/watch?v=0PMKa3s2xp8","singers":["Red Velvet"]},{"title":"I Miss You","url":"https://www.youtube.com/watch?v=nOB-1bnQscU","singers":["Blink 182"]},{"title":"All The Small Things","url":"https://www.youtube.com/watch?v=ahWmkV0mtvk","singers":["Blink 182"]},{"title":"Boulevard of Broken Dreams","url":"https://www.youtube.com/watch?v=51XzW98wEDg","singers":["Green Day"]},{"title":"American Idiot","url":"https://www.youtube.com/watch?v=a1BS7XnEZqc","singers":["Green Day"]},{"title":"Wake Me Up When September Ends","url":"https://www.youtube.com/watch?v=VOJqRknAKVE","singers":["Green Day"]},{"title":"Sign","url":"https://www.youtube.com/watch?v=RQPhz7SRzHQ","singers":["Flow"]},{"title":"The Beginning","url":"https://www.youtube.com/watch?v=wdYGklflX_Y","singers":["One Ok Rock"]},{"title":"Clock Strikes","url":"https://www.youtube.com/watch?v=Fcb2syW0wCs","singers":["One Ok Rock"]},{"title":"THE WORLD","url":"https://www.youtube.com/watch?v=1qXNMyUqVqE","singers":["Nightmare"]},{"title":"Lost in Paradise","url":"https://www.youtube.com/watch?v=C2YCpb6vT20","singers":["Ali","Aklo"]},{"title":"A Queda","url":"https://www.youtube.com/watch?v=UfCst-ZtbUg","singers":["Glória Groove"]},{"title":"i'm so tired","url":"https://www.youtube.com/watch?v=tDY2aBp3PO4","singers":["Lauv","Troye Sivan"]},{"title":"Numb","url":"https://www.youtube.com/watch?v=8P0vKLHbtMg","singers":["Linkin Park"]},{"title":"In the End","url":"https://www.youtube.com/watch?v=d_toKURCt10","singers":["Linkin Park"]},{"title":"This is a man's world","url":"https://www.youtube.com/watch?v=H77fRz1rybs","singers":["James Brown"]},{"title":"What i've done","url":"https://www.youtube.com/watch?v=Jrprk5dNboI","singers":["Linkin Park"]},{"title":"Given Up","url":"https://www.youtube.com/watch?v=D93vYwuMeUw","singers":["Linkin Park"]},{"title":"Smells Like Teen Spirit","url":"https://www.youtube.com/watch?v=7TDeBi34OtE","singers":["Nirvana"]},{"title":"Otherside","url":"https://www.youtube.com/watch?v=HK1XaLG6McE","singers":["Red Hot Chili Peppers"]},{"title":"Holiday","url":"https://www.youtube.com/watch?v=l2hA8g1cNvQ","singers":["Green Day"]},{"title":"The Kids Aren't Alright","url":"https://www.youtube.com/watch?v=7iNbnineUCI","singers":["The Offspring"]},{"title":"Basket Case","url":"https://www.youtube.com/watch?v=wq4Z7STyKDo","singers":["Green Day"]},{"title":"Misery Business","url":"https://www.youtube.com/watch?v=aCyGvGEtOwc","singers":["Paramore"]},{"title":"When I Come Around","url":"https://www.youtube.com/watch?v=i8dh9gDzmz8","singers":["Green Day"]},{"title":"Stressed Out","url":"https://www.youtube.com/watch?v=Gc4sY98Jn9I","singers":["Twenty One Pilots"]},{"title":"Ride","url":"https://www.youtube.com/watch?v=YffTGi_FxCM","singers":["Twenty One Pilots"]},{"title":"I Hate Everything About You","url":"https://www.youtube.com/watch?v=d8ekz_CSBVg","singers":["Three Days Grace"]},{"title":"Going Under","url":"https://www.youtube.com/watch?v=Kz-y4LDiy1k","singers":["Evanescence"]},{"title":"Bring Me To Life","url":"https://www.youtube.com/watch?v=3YxaaGgTQYM","singers":["Evanescence"]},{"title":"My Immortal","url":"https://www.youtube.com/watch?v=5anLPw0Efmo","singers":["Evanescence"]},{"title":"Everybody's Fool","url":"https://www.youtube.com/watch?v=13Yy4a_zj3o","singers":["Evanescence"]},{"title":"Decode","url":"https://www.youtube.com/watch?v=RvnkAtWcKYg","singers":["Paramore"]},{"title":"The Only Exception","url":"https://www.youtube.com/watch?v=-J7J_IWUhls","singers":["Paramore"]},{"title":"That's What You Get","url":"https://www.youtube.com/watch?v=1kz6hNDlEEg","singers":["Paramore"]}]